INSERT INTO `softversko_v2`.`KORISNIK` (`username`, `password`, `email`, `ime`, `prezime`, `poeni`, `indeks`, `tip`) VALUES ('batabane', 'pekarica', 'batabane@gmail.com', 'Branislav', 'Cvetkovic', 5, '12654', 'obican');
INSERT INTO `softversko_v2`.`KORISNIK` (`username`, `password`, `email`, `ime`, `prezime`, `poeni`, `indeks`, `tip`) VALUES ('dakica', 'crvenkapa', 'dakica@gmail.com', 'Darjana', 'Milenovic', 15, '16100', 'obican');
INSERT INTO `softversko_v2`.`KORISNIK` (`username`, `password`, `email`, `ime`, `prezime`, `poeni`, `indeks`, `tip`) VALUES ('darjan', 'grobari', 'darjan@gmail.com', 'Darjan', 'Drugarinovic', 5, '16200', 'admin');
INSERT INTO `softversko_v2`.`KORISNIK` (`username`, `password`, `email`, `ime`, `prezime`, `poeni`, `indeks`, `tip`) VALUES ('darko', 'mercedes', 'darko@gmail.com', 'Darko', 'Peric', 48, '16000', 'obican');
INSERT INTO `softversko_v2`.`KORISNIK` (`username`, `password`, `email`, `ime`, `prezime`, `poeni`, `indeks`, `tip`) VALUES ('makica', 'loreal', 'makica@gmail.com', 'Marija', 'Grozdanovic', 0, '16504', 'obican');
INSERT INTO `softversko_v2`.`KORISNIK` (`username`, `password`, `email`, `ime`, `prezime`, `poeni`, `indeks`, `tip`) VALUES ('marko', 'ferari', 'marko@gmail.com', 'Markor', 'Marković', 10, '14523', 'obican');
INSERT INTO `softversko_v2`.`KORISNIK` (`username`, `password`, `email`, `ime`, `prezime`, `poeni`, `indeks`, `tip`) VALUES ('milance', 'zvezda', 'milan.jovic@gmail.com', 'Milan', 'Jovic', 2, '16364', 'obican');
INSERT INTO `softversko_v2`.`KORISNIK` (`username`, `password`, `email`, `ime`, `prezime`, `poeni`, `indeks`, `tip`) VALUES ('mokica', 'loreal', 'mokica@gmail.com', 'Monika', 'Pesic', 25, '16604', 'obican');
INSERT INTO `softversko_v2`.`KORISNIK` (`username`, `password`, `email`, `ime`, `prezime`, `poeni`, `indeks`, `tip`) VALUES ('necika', 'necika', 'gknikolic@gmail.com', 'Nemanja', 'Nikolic', 50, '16259', 'moderator');
INSERT INTO `softversko_v2`.`KORISNIK` (`username`, `password`, `email`, `ime`, `prezime`, `poeni`, `indeks`, `tip`) VALUES ('petar', '12345678', 'petar.petrovic@gmail.com', 'Petar', 'Petrović', 5, '16112', 'obican');
INSERT INTO `softversko_v2`.`KORISNIK` (`username`, `password`, `email`, `ime`, `prezime`, `poeni`, `indeks`, `tip`) VALUES ('zeljko', 'softversko', 'zeljko@gmail.com', 'Zeljko', 'Mitrovic', 50, '15954', 'moderator');

INSERT INTO `softversko_v2`.`NASTAVNIK` (`id`, `ime`, `prezime`) VALUES (1, 'Petar', 'Rajković');
INSERT INTO `softversko_v2`.`NASTAVNIK` (`id`, `ime`, `prezime`) VALUES (2, 'Vladan', 'Mihajlović');
INSERT INTO `softversko_v2`.`NASTAVNIK` (`id`, `ime`, `prezime`) VALUES (3, 'Lidija', 'Rančić');
INSERT INTO `softversko_v2`.`NASTAVNIK` (`id`, `ime`, `prezime`) VALUES (4, 'Igor', 'Antolović');
INSERT INTO `softversko_v2`.`NASTAVNIK` (`id`, `ime`, `prezime`) VALUES (5, 'Valentina', 'Nejković');
INSERT INTO `softversko_v2`.`NASTAVNIK` (`id`, `ime`, `prezime`) VALUES (6, 'Milos', 'Radmanović');
INSERT INTO `softversko_v2`.`NASTAVNIK` (`id`, `ime`, `prezime`) VALUES (7, 'Dejan', 'Rančić');
INSERT INTO `softversko_v2`.`NASTAVNIK` (`id`, `ime`, `prezime`) VALUES (8, 'Dragan', 'Janković');
INSERT INTO `softversko_v2`.`NASTAVNIK` (`id`, `ime`, `prezime`) VALUES (9, 'Nebojša', 'Raičević');
INSERT INTO `softversko_v2`.`NASTAVNIK` (`id`, `ime`, `prezime`) VALUES (10, 'Dragan', 'Stankovic');
INSERT INTO `softversko_v2`.`NASTAVNIK` (`id`, `ime`, `prezime`) VALUES (11, 'Emina', 'Milovinovic');
INSERT INTO `softversko_v2`.`NASTAVNIK` (`id`, `ime`, `prezime`) VALUES (12, 'Igor', 'Milovanović');
INSERT INTO `softversko_v2`.`NASTAVNIK` (`id`, `ime`, `prezime`) VALUES (13, 'Milena', 'Stanković');
INSERT INTO `softversko_v2`.`NASTAVNIK` (`id`, `ime`, `prezime`) VALUES (14, 'Vlada', 'Simić');
INSERT INTO `softversko_v2`.`NASTAVNIK` (`id`, `ime`, `prezime`) VALUES (15, 'Vladan', 'Nikolić');
INSERT INTO `softversko_v2`.`NASTAVNIK` (`id`, `ime`, `prezime`) VALUES (16, 'Dragan', 'Manić');
INSERT INTO `softversko_v2`.`NASTAVNIK` (`id`, `ime`, `prezime`) VALUES (17, 'Aleksandar', 'Milenković');
INSERT INTO `softversko_v2`.`NASTAVNIK` (`id`, `ime`, `prezime`) VALUES (18, 'Aleksandar', 'Veljanovski');
INSERT INTO `softversko_v2`.`NASTAVNIK` (`id`, `ime`, `prezime`) VALUES (19, 'Marija', 'Veljanovski');
INSERT INTO `softversko_v2`.`NASTAVNIK` (`id`, `ime`, `prezime`) VALUES (20, 'Goran', 'Ristić');

INSERT INTO `softversko_v2`.`PREDMET` (`id`, `naziv`, `smer`, `godina`) VALUES (id, 'naziv', 'smer', godina);
INSERT INTO `softversko_v2`.`PREDMET` (`id`, `naziv`, `smer`, `godina`) VALUES (28, 'Softversko inzinjerstvo', 'rii', 3);
INSERT INTO `softversko_v2`.`PREDMET` (`id`, `naziv`, `smer`, `godina`) VALUES (29, 'Matematika 1', 'NULL', 1);
INSERT INTO `softversko_v2`.`PREDMET` (`id`, `naziv`, `smer`, `godina`) VALUES (30, 'Web programiranje', 'rii', 3);
INSERT INTO `softversko_v2`.`PREDMET` (`id`, `naziv`, `smer`, `godina`) VALUES (31, 'Digitalna elektronika', 'rii', 2);
INSERT INTO `softversko_v2`.`PREDMET` (`id`, `naziv`, `smer`, `godina`) VALUES (32, 'Osnove telekomunikacije', 'telekomunikacije', 2);
INSERT INTO `softversko_v2`.`PREDMET` (`id`, `naziv`, `smer`, `godina`) VALUES (33, 'Elektronske komponente', 'NULL', 1);
INSERT INTO `softversko_v2`.`PREDMET` (`id`, `naziv`, `smer`, `godina`) VALUES (34, 'Elektronika 1', 'telekomunikacije', 2);
INSERT INTO `softversko_v2`.`PREDMET` (`id`, `naziv`, `smer`, `godina`) VALUES (35, 'Racunaski sistemi', 'rii', 2);
INSERT INTO `softversko_v2`.`PREDMET` (`id`, `naziv`, `smer`, `godina`) VALUES (36, 'Distribuirani sistemi', 'rii', 3);
INSERT INTO `softversko_v2`.`PREDMET` (`id`, `naziv`, `smer`, `godina`) VALUES (37, 'Logicko projektovanje', 'rii', 2);
INSERT INTO `softversko_v2`.`PREDMET` (`id`, `naziv`, `smer`, `godina`) VALUES (38, 'Matematika 2', 'NULL', 1);
INSERT INTO `softversko_v2`.`PREDMET` (`id`, `naziv`, `smer`, `godina`) VALUES (39, 'Fizika', 'NULL', 1);
INSERT INTO `softversko_v2`.`PREDMET` (`id`, `naziv`, `smer`, `godina`) VALUES (40, 'Osnove elektrotehnike 1', 'NULL', 1);
INSERT INTO `softversko_v2`.`PREDMET` (`id`, `naziv`, `smer`, `godina`) VALUES (41, 'Osnove elektrotehnike 2', 'NULL', 1);
INSERT INTO `softversko_v2`.`PREDMET` (`id`, `naziv`, `smer`, `godina`) VALUES (42, 'Algoritmi i programiranje', 'NULL', 1);
INSERT INTO `softversko_v2`.`PREDMET` (`id`, `naziv`, `smer`, `godina`) VALUES (43, 'Uvod u računarstvo', 'NULL', 1);
INSERT INTO `softversko_v2`.`PREDMET` (`id`, `naziv`, `smer`, `godina`) VALUES (44, 'Arhitektura i organizacija računara', 'rii', 2);
INSERT INTO `softversko_v2`.`PREDMET` (`id`, `naziv`, `smer`, `godina`) VALUES (45, 'Objektno orijentisano programiranje', 'rii', 2);
INSERT INTO `softversko_v2`.`PREDMET` (`id`, `naziv`, `smer`, `godina`) VALUES (46, 'Baze podataka', 'rii', 2);
INSERT INTO `softversko_v2`.`PREDMET` (`id`, `naziv`, `smer`, `godina`) VALUES (47, 'Strukture podataka', 'rii', 2);
INSERT INTO `softversko_v2`.`PREDMET` (`id`, `naziv`, `smer`, `godina`) VALUES (48, 'Diskretna matematika', 'rii', 2);

INSERT INTO `softversko_v2`.`PREDAJE` (`id`, `PREDMET_id`, `NASTAVNIK_id`, `fprofesor/fasistent`) VALUES (1, 28, 2, 2);
INSERT INTO `softversko_v2`.`PREDAJE` (`id`, `PREDMET_id`, `NASTAVNIK_id`, `fprofesor/fasistent`) VALUES (2, 28, 4, 2);
INSERT INTO `softversko_v2`.`PREDAJE` (`id`, `PREDMET_id`, `NASTAVNIK_id`, `fprofesor/fasistent`) VALUES (3, 28, 7, 1);
INSERT INTO `softversko_v2`.`PREDAJE` (`id`, `PREDMET_id`, `NASTAVNIK_id`, `fprofesor/fasistent`) VALUES (4, 29, 15, 2);
INSERT INTO `softversko_v2`.`PREDAJE` (`id`, `PREDMET_id`, `NASTAVNIK_id`, `fprofesor/fasistent`) VALUES (5, 29, 3, 1);
INSERT INTO `softversko_v2`.`PREDAJE` (`id`, `PREDMET_id`, `NASTAVNIK_id`, `fprofesor/fasistent`) VALUES (6, 30, 1, 1);
INSERT INTO `softversko_v2`.`PREDAJE` (`id`, `PREDMET_id`, `NASTAVNIK_id`, `fprofesor/fasistent`) VALUES (7, 30, 19, 2);
INSERT INTO `softversko_v2`.`PREDAJE` (`id`, `PREDMET_id`, `NASTAVNIK_id`, `fprofesor/fasistent`) VALUES (8, 31, 16, 1);
INSERT INTO `softversko_v2`.`PREDAJE` (`id`, `PREDMET_id`, `NASTAVNIK_id`, `fprofesor/fasistent`) VALUES (9, 31, 5, 2);
INSERT INTO `softversko_v2`.`PREDAJE` (`id`, `PREDMET_id`, `NASTAVNIK_id`, `fprofesor/fasistent`) VALUES (10, 32, 9, 1);
INSERT INTO `softversko_v2`.`PREDAJE` (`id`, `PREDMET_id`, `NASTAVNIK_id`, `fprofesor/fasistent`) VALUES (11, 32, 9, 2);
INSERT INTO `softversko_v2`.`PREDAJE` (`id`, `PREDMET_id`, `NASTAVNIK_id`, `fprofesor/fasistent`) VALUES (12, 32, 6, 2);
INSERT INTO `softversko_v2`.`PREDAJE` (`id`, `PREDMET_id`, `NASTAVNIK_id`, `fprofesor/fasistent`) VALUES (13, 33, 16, 1);
INSERT INTO `softversko_v2`.`PREDAJE` (`id`, `PREDMET_id`, `NASTAVNIK_id`, `fprofesor/fasistent`) VALUES (14, 33, 9, 2);
INSERT INTO `softversko_v2`.`PREDAJE` (`id`, `PREDMET_id`, `NASTAVNIK_id`, `fprofesor/fasistent`) VALUES (15, 34, 9, 1);
INSERT INTO `softversko_v2`.`PREDAJE` (`id`, `PREDMET_id`, `NASTAVNIK_id`, `fprofesor/fasistent`) VALUES (16, 34, 9, 2);
INSERT INTO `softversko_v2`.`PREDAJE` (`id`, `PREDMET_id`, `NASTAVNIK_id`, `fprofesor/fasistent`) VALUES (17, 34, 15, 2);
INSERT INTO `softversko_v2`.`PREDAJE` (`id`, `PREDMET_id`, `NASTAVNIK_id`, `fprofesor/fasistent`) VALUES (18, 35, 11, 1);
INSERT INTO `softversko_v2`.`PREDAJE` (`id`, `PREDMET_id`, `NASTAVNIK_id`, `fprofesor/fasistent`) VALUES (19, 35, 17, 2);
INSERT INTO `softversko_v2`.`PREDAJE` (`id`, `PREDMET_id`, `NASTAVNIK_id`, `fprofesor/fasistent`) VALUES (20, 35, 14, 2);
INSERT INTO `softversko_v2`.`PREDAJE` (`id`, `PREDMET_id`, `NASTAVNIK_id`, `fprofesor/fasistent`) VALUES (21, 36, 11, 1);
INSERT INTO `softversko_v2`.`PREDAJE` (`id`, `PREDMET_id`, `NASTAVNIK_id`, `fprofesor/fasistent`) VALUES (22, 36, 14, 2);
INSERT INTO `softversko_v2`.`PREDAJE` (`id`, `PREDMET_id`, `NASTAVNIK_id`, `fprofesor/fasistent`) VALUES (23, 36, 18, 2);
INSERT INTO `softversko_v2`.`PREDAJE` (`id`, `PREDMET_id`, `NASTAVNIK_id`, `fprofesor/fasistent`) VALUES (24, 37, 6, 1);
INSERT INTO `softversko_v2`.`PREDAJE` (`id`, `PREDMET_id`, `NASTAVNIK_id`, `fprofesor/fasistent`) VALUES (25, 37, 6, 2);
INSERT INTO `softversko_v2`.`PREDAJE` (`id`, `PREDMET_id`, `NASTAVNIK_id`, `fprofesor/fasistent`) VALUES (26, 38, 3, 1);
INSERT INTO `softversko_v2`.`PREDAJE` (`id`, `PREDMET_id`, `NASTAVNIK_id`, `fprofesor/fasistent`) VALUES (27, 38, 3, 2);
INSERT INTO `softversko_v2`.`PREDAJE` (`id`, `PREDMET_id`, `NASTAVNIK_id`, `fprofesor/fasistent`) VALUES (28, 38, 15, 2);
INSERT INTO `softversko_v2`.`PREDAJE` (`id`, `PREDMET_id`, `NASTAVNIK_id`, `fprofesor/fasistent`) VALUES (29, 39, 20, 1);
INSERT INTO `softversko_v2`.`PREDAJE` (`id`, `PREDMET_id`, `NASTAVNIK_id`, `fprofesor/fasistent`) VALUES (30, 39, 15, 2);
INSERT INTO `softversko_v2`.`PREDAJE` (`id`, `PREDMET_id`, `NASTAVNIK_id`, `fprofesor/fasistent`) VALUES (31, 40, 9, 1);
INSERT INTO `softversko_v2`.`PREDAJE` (`id`, `PREDMET_id`, `NASTAVNIK_id`, `fprofesor/fasistent`) VALUES (32, 40, 15, 2);
INSERT INTO `softversko_v2`.`PREDAJE` (`id`, `PREDMET_id`, `NASTAVNIK_id`, `fprofesor/fasistent`) VALUES (33, 41, 9, 1);
INSERT INTO `softversko_v2`.`PREDAJE` (`id`, `PREDMET_id`, `NASTAVNIK_id`, `fprofesor/fasistent`) VALUES (34, 41, 15, 2);
INSERT INTO `softversko_v2`.`PREDAJE` (`id`, `PREDMET_id`, `NASTAVNIK_id`, `fprofesor/fasistent`) VALUES (35, 42, 8, 1);
INSERT INTO `softversko_v2`.`PREDAJE` (`id`, `PREDMET_id`, `NASTAVNIK_id`, `fprofesor/fasistent`) VALUES (36, 42, 7, 1);
INSERT INTO `softversko_v2`.`PREDAJE` (`id`, `PREDMET_id`, `NASTAVNIK_id`, `fprofesor/fasistent`) VALUES (37, 42, 18, 2);
INSERT INTO `softversko_v2`.`PREDAJE` (`id`, `PREDMET_id`, `NASTAVNIK_id`, `fprofesor/fasistent`) VALUES (38, 42, 1, 2);
INSERT INTO `softversko_v2`.`PREDAJE` (`id`, `PREDMET_id`, `NASTAVNIK_id`, `fprofesor/fasistent`) VALUES (39, 43, 5, 1);
INSERT INTO `softversko_v2`.`PREDAJE` (`id`, `PREDMET_id`, `NASTAVNIK_id`, `fprofesor/fasistent`) VALUES (40, 43, 6, 2);
INSERT INTO `softversko_v2`.`PREDAJE` (`id`, `PREDMET_id`, `NASTAVNIK_id`, `fprofesor/fasistent`) VALUES (41, 44, 11, 1);
INSERT INTO `softversko_v2`.`PREDAJE` (`id`, `PREDMET_id`, `NASTAVNIK_id`, `fprofesor/fasistent`) VALUES (42, 44, 17, 2);
INSERT INTO `softversko_v2`.`PREDAJE` (`id`, `PREDMET_id`, `NASTAVNIK_id`, `fprofesor/fasistent`) VALUES (43, 44, 14, 2);
INSERT INTO `softversko_v2`.`PREDAJE` (`id`, `PREDMET_id`, `NASTAVNIK_id`, `fprofesor/fasistent`) VALUES (44, 45, 8, 1);
INSERT INTO `softversko_v2`.`PREDAJE` (`id`, `PREDMET_id`, `NASTAVNIK_id`, `fprofesor/fasistent`) VALUES (45, 45, 2, 2);
INSERT INTO `softversko_v2`.`PREDAJE` (`id`, `PREDMET_id`, `NASTAVNIK_id`, `fprofesor/fasistent`) VALUES (46, 45, 1, 2);
INSERT INTO `softversko_v2`.`PREDAJE` (`id`, `PREDMET_id`, `NASTAVNIK_id`, `fprofesor/fasistent`) VALUES (47, 46, 8, 1);
INSERT INTO `softversko_v2`.`PREDAJE` (`id`, `PREDMET_id`, `NASTAVNIK_id`, `fprofesor/fasistent`) VALUES (48, 46, 19, 2);
INSERT INTO `softversko_v2`.`PREDAJE` (`id`, `PREDMET_id`, `NASTAVNIK_id`, `fprofesor/fasistent`) VALUES (49, 46, 10, 2);
INSERT INTO `softversko_v2`.`PREDAJE` (`id`, `PREDMET_id`, `NASTAVNIK_id`, `fprofesor/fasistent`) VALUES (50, 47, 10, 1);

